ID,Categoria,Pergunta,Resposta Gerada pelo Agente,ASR (ms),LLM/TTFS (ms),TTS/TTFB (ms),RAG (ms),Latência Total (ms),Nota LLM-as-aJudge,Justificativa Juiz
1,Desambiguação,Como eu ligo o ar-condicionado do Kwid?,"Para ligar o ar-condicionado do Kwid, primeiro preciso saber se você está falando do Kwid a combustão ou do Kwid E-Tech elétrico. Pode me confirmar qual é o modelo do seu carro?",82,700,359,241,1382,4.2,"A resposta é segura, pois não fornece instruções que possam causar danos ou insegurança. No entanto, a completude é prejudicada porque não fornece a informação solicitada sobre como ligar o ar-condicionado, apenas pede uma confirmação sobre o modelo do carro. A relevância é boa, pois a pergunta sobre o modelo é pertinente para fornecer a instrução correta, mas poderia ser mais direta ao fornecer a informação para ambos os modelos ou explicar que a diferença é relevante para a operação do ar-condicionado."
2,Desambiguação,Onde fica a alavanca para abrir o porta-malas?,"A alavanca para abrir o porta‑malas fica dentro do veículo, na parte esquerda do painel de instrumentos, próximo ao volante. Basta puxá‑la para cima e a tampa do porta‑malas será liberada.",186,596,400,299,1481,5,"A resposta do assistente é tecnicamente segura, pois descreve corretamente a localização e o funcionamento da alavanca para abrir o porta-malas, sem oferecer informações que possam causar danos ou riscos. A completude é atendida, pois a resposta fornece todas as informações necessárias para que o motorista localize e utilize a alavanca. A relevância é alta, já que a resposta é direta e focada na pergunta do motorista, sem incluir informações desnecessárias."
3,Desambiguação,Qual é a pressão ideal dos pneus para o meu carro?,"A pressão ideal dos pneus do seu Kwid E-Tech está indicada na etiqueta colada no canto da porta do motorista. Essa etiqueta mostra os valores recomendados para diferentes situações, como com duas pessoas a bordo ou mais de duas pessoas. É importante verificar a pressão com os pneus frios, ou seja, antes de dirigir ou depois de o carro estar parado por algumas horas. Se precisar, posso te ajudar a interpretar a etiqueta, basta me dizer qual é o número que aparece ali.",146,421,353,346,1266,5,"A resposta é tecnicamente segura, pois orienta o motorista a verificar a pressão dos pneus na etiqueta do veículo, que é a fonte correta de informação. A resposta é completa, pois menciona a importância de verificar a pressão com os pneus frios e oferece ajuda adicional para interpretar a etiqueta. A relevância é alta, pois a resposta é direta e focada na pergunta do motorista, sem divagações."
4,Desambiguação,Onde fica o macaco para trocar o pneu?,"O macaco fica guardado no conjunto de ferramentas A, que está localizado sob o assento do motorista. Para acessá‑lo, abra a tampa do compartimento abaixo do banco, retire o macaco e, se precisar, desaperte a porca de fixação antes de usá‑lo para levantar o veículo.",25,613,392,597,1627,5,"A resposta é tecnicamente segura, pois fornece instruções claras sobre a localização do macaco e como acessá-lo, sem incluir passos que possam comprometer a segurança do usuário. A completude é atendida, pois a resposta cobre todos os aspectos necessários para encontrar e acessar o macaco. A relevância é alta, pois a resposta é direta e focada na pergunta do usuário, sem incluir informações desnecessárias."
5,Desambiguação,Como eu ajusto o relógio no painel?,"Para acertar o relógio, pare o carro e mantenha a ignição ligada. Primeiro, pressione o botão que abre a tela de “Hora” no painel Depois, segure esse botão um pouco mais para entrar no modo de ajuste das horas; quando os números piscar, gire o controle até chegar à hora correta e confirme pressionando “OK”. Em seguida, repita o procedimento segurando o mesmo botão para mudar para os minutos, ajuste até o valor certo e confirme novamente com “OK”.",30,592,418,420,1460,5,"A resposta fornecida é tecnicamente segura, pois instrui o motorista a parar o carro antes de ajustar o relógio, garantindo que a operação seja feita em segurança. A completude é atendida, pois todos os passos necessários para ajustar o relógio são descritos de forma clara e sequencial. A relevância é alta, pois a resposta é direta e focada na pergunta do motorista, sem incluir informações desnecessárias."
6,Desambiguação,Como travo as portas por dentro?,"Para travar as portas por dentro, primeiro pare o veículo e mantenha a ignição ligada. Primeiro, pressione o interruptor de travamento central que fica no painel à esquerda da alavanca de mudança de marchas. Depois, segure o botão por alguns segundos até ouvir o sinal sonoro; a luz indicadora no mesmo interruptor acenderá, confirmando que todas as portas estão travadas. Por fim, verifique o ícone de cadeado no painel para garantir que o travamento foi efetivado.",259,574,301,646,1780,4.2,"A resposta é tecnicamente segura, pois instrui o motorista a parar o veículo antes de travar as portas, o que é uma prática segura. No entanto, a menção de segurar o botão por alguns segundos até ouvir um sinal sonoro pode não ser necessária ou aplicável a todos os modelos Renault, o que reduz a segurança lógica. A completude é boa, pois cobre o processo de travamento, mas poderia ser mais precisa sobre a necessidade de segurar o botão. A relevância é alta, pois a resposta é direta e focada na pergunta do motorista."
7,Desambiguação,Onde fica o reservatório de água do limpador de para-brisa?,"O reservatório do líquido do limpador fica no compartimento do motor, próximo ao para‑brisa. Abra o capô, localize a tampa 2 com o símbolo de um limpador; ao girá‑la você tem acesso ao reservatório onde o líquido deve ser completado.",109,654,475,462,1700,5,"A resposta é tecnicamente segura, pois fornece instruções claras e precisas sobre a localização do reservatório de água do limpador de para-brisa, sem sugerir ações que possam causar danos ou riscos. A completude é atendida, pois a resposta inclui todos os passos necessários para localizar e acessar o reservatório. A relevância é alta, pois a resposta é direta e focada na pergunta do motorista, sem incluir informações desnecessárias."
8,Desambiguação,Como abro o capô do veículo?,"Para abrir o capô, puxe a alavanca 1 que fica no lado esquerdo do painel de bordo. Depois, levante suavemente o capô e empurre a lingueta 2 para a esquerda, liberando o trinco. Por fim, levante o capô até que o apoio 3 o segure na posição aberta.",90,683,323,517,1613,5,"A resposta fornecida pelo assistente é tecnicamente segura, pois descreve corretamente o procedimento para abrir o capô do veículo, garantindo que o usuário siga passos seguros e adequados. A completude é atendida, pois todos os passos necessários para abrir o capô são mencionados, incluindo a localização da alavanca, a ação de liberar o trinco e o uso do apoio para manter o capô aberto. A relevância é alta, pois a resposta é direta e focada na pergunta do usuário, sem incluir informações desnecessárias."
9,Desambiguação,Como faço para rebater os bancos traseiros?,"Para rebater os bancos traseiros, primeiro pare o carro e deixe a ignição desligada. Primeiro, verifique se os bancos dianteiros estão bem avançados, depois abaixe totalmente os apoios de cabeça. Em seguida, segure as alças B e C dos encostos, junte‑as para destravar o trinco e puxe o encosto para baixo até a posição horizontal. Por fim, confirme que os travamentos estão firmes antes de usar o espaço de carga.",101,598,320,585,1604,5,"A resposta fornecida pelo assistente é tecnicamente segura, pois instrui o motorista a realizar a operação com o carro parado e a ignição desligada, o que é uma prática segura. A resposta é completa, pois cobre todos os passos necessários para rebater os bancos traseiros, incluindo a preparação dos bancos dianteiros e a verificação dos travamentos. Além disso, a resposta é relevante e direta, focando exclusivamente na pergunta feita pelo motorista sem divagações desnecessárias."
10,Desambiguação,Onde fica o triângulo de segurança?,"O triângulo de segurança fica no porta‑malas. Para usá‑lo, ligue o pisca‑alerta e coloque o triângulo a cerca de cinquenta metros antes do veículo.",77,626,386,477,1566,5,"A resposta do assistente é tecnicamente segura, pois fornece instruções corretas sobre a localização e o uso do triângulo de segurança, que é um item essencial para a segurança em caso de emergência. A resposta é completa, pois menciona tanto a localização do triângulo quanto as instruções básicas de uso, que são ligar o pisca-alerta e posicionar o triângulo a uma distância segura do veículo. Além disso, a resposta é relevante e direta, focando exclusivamente na pergunta feita pelo motorista."
11,Combustão vs EV,Como funciona o freio regenerativo do Zoe?,"O freio regenerativo do Zoe transforma a energia da desaceleração em eletricidade para recarregar a bateria. Quando você solta o acelerador, o motor elétrico atua como gerador, ajudando a frear o veículo e recuperando energia.Você pode ajustar o nível de frenagem regenerativa com os pedais1 e2 na posição D. O nível A é mais suave, enquanto o E (se disponível) é o mais forte, com a função ""Um Pedal"" ativada.A luz indicadora no painel mostra o nível escolhido. Lembre-se: o freio regenerativo não substitui o pedal do freio em situações de parada urgente.Se precisar, posso explicar como ativar ou ajustar isso no seu modelo.",45,973,433,294,1745,4.2,"A resposta é tecnicamente correta ao explicar o funcionamento básico do freio regenerativo do Zoe, mencionando a conversão de energia cinética em elétrica e a atuação do motor como gerador. No entanto, a menção aos pedais '1 e 2' e aos níveis 'A' e 'E' pode causar confusão, pois não são termos padrão conhecidos para o Zoe, o que reduz a segurança da instrução. A completude é boa, mas poderia ser melhor com uma explicação mais clara sobre como ajustar os níveis de frenagem regenerativa. A relevância é alta, pois a resposta é direta e oferece ajuda adicional específica para o modelo."
12,Combustão vs EV,Onde eu coloco água no radiador do Duster?,"Você coloca água no radiador do Duster no reservatório de líquido de refrigeração, que fica no compartimento do motor.Primeiro, certifique-se de que o motor está frio e desligado. Depois, abra o capô e localize o reservatório com o símbolo de um termômetro ou o nome ""Líquido de refrigeração"".Encha até a marca ""MAXI"" com um fluido homologado, que pode ser uma mistura de água e anticongelante, especialmente no inverno.Se o nível estiver baixo com frequência, é melhor consultar uma oficina autorizada.",133,464,341,249,1187,5,"A resposta do assistente é tecnicamente segura, pois orienta o motorista a realizar a tarefa com o motor frio, o que é crucial para evitar queimaduras. A instrução é completa, pois explica onde localizar o reservatório e como identificar o nível correto de enchimento. Além disso, menciona a importância de usar um fluido homologado e alerta sobre a necessidade de procurar uma oficina se o nível estiver baixo com frequência. A resposta é direta e relevante, focando exclusivamente na pergunta feita pelo motorista."
13,Combustão vs EV,Quanto tempo demora uma carga completa no Megane E-Tech?,"O tempo de carga completa no Megane E-Tech depende de vários fatores, como o nível de carga inicial, a potência da estação de carregamento e a temperatura ambiente. Em uma estação de carregamento rápido (DC), com potência máxima, o tempo pode variar entre30 a40 minutos para carregar de20% a80%. Para uma carga completa de0% a100%, em uma tomada doméstica (AC), pode levar cerca de8 a10 horas, dependendo da potência da tomada.",53,508,386,344,1291,5,"A resposta fornecida pelo assistente é tecnicamente segura, pois menciona os fatores que influenciam o tempo de carga, como a potência da estação de carregamento e a temperatura ambiente. A resposta é completa, pois cobre tanto o cenário de carregamento rápido (DC) quanto o carregamento em uma tomada doméstica (AC), fornecendo estimativas de tempo para ambos os casos. Além disso, a resposta é relevante e direta, focando na pergunta do motorista sem divagações desnecessárias."
14,Combustão vs EV,Onde fica a vareta de óleo do motor do Logan?,"A vareta de óleo do motor do Logan fica no compartimento do motor, próximo ao motor, geralmente com uma alça colorida para facilitar a identificação. Para verificar o nível, você precisa abrir o capô, desligar o motor e esperar alguns minutos para que o óleo se estabilize. Depois, puxe a vareta, limpe com um pano limpo e insira novamente para fazer a leitura.",65,451,473,260,1249,5,"A resposta é tecnicamente segura, pois orienta o motorista a desligar o motor e esperar antes de verificar o nível de óleo, o que é uma prática padrão para garantir uma leitura precisa e segura. A completude está presente, pois a resposta não só indica a localização da vareta de óleo, mas também fornece instruções claras sobre como verificar o nível de óleo corretamente. A relevância é alta, pois a resposta é direta e focada na pergunta do motorista, sem incluir informações desnecessárias."
15,Combustão vs EV,Como eu ativo o modo de condução Eco no Kwid E-Tech?,"Para ativar o modo Eco no Kwid E-Tech, você pode usar o botão ECO no painel de instrumentos. Pressione o botão uma vez para ativar a função. A luz indicadora ECO no painel de instrumentos acenderá para confirmar que o modo está ativado.O modo Eco ajuda a otimizar o consumo de energia, limitando a velocidade máxima e ajustando o desempenho do motor. Se precisar de mais desempenho, basta pressionar com força o pedal do acelerador — o modo será temporariamente desativado.Você quer que eu explique como monitorar o desempenho com o indicador de estilo de condução também?",23,430,438,286,1177,5,"A resposta é tecnicamente segura, pois descreve corretamente como ativar o modo Eco no Kwid E-Tech, mencionando o uso do botão ECO e a confirmação através da luz indicadora. A completude é atendida, pois a resposta cobre todos os passos necessários para ativar o modo Eco e explica suas funções. A relevância é alta, pois a resposta é direta e focada na pergunta, sem divagações desnecessárias, e ainda oferece uma opção adicional de ajuda relacionada ao desempenho."
16,Combustão vs EV,De quantos em quantos quilômetros preciso trocar o óleo da Oroch?,"A troca de óleo na Oroch é recomendada a cada15 mil quilômetros, mas isso pode variar conforme o uso e o tipo de óleo. Se você dirige em condições severas, como tráfego intenso ou subidas constantes, talvez precise trocar antes.",36,106,624,260,1026,5,"A resposta está tecnicamente correta e segura, pois menciona a recomendação padrão de troca de óleo a cada 15 mil quilômetros, que é uma prática comum para muitos veículos. Além disso, a resposta aborda a possibilidade de variação conforme o uso e o tipo de óleo, o que é relevante e importante para a segurança e manutenção do veículo. A resposta é completa e direta, sem divagações, e está dentro do escopo do assistente, que é fornecer informações baseadas nos manuais da Renault."
17,Combustão vs EV,Onde fica a portinhola de carregamento do Kangoo elétrico?,"A portinhola de carregamento do Kangoo elétrico fica na dianteira do veículo, do lado do passageiro. É uma aba que você abre para acessar as tomadas de carga. Lembre-se de remover a neve ou sujeira antes de conectar o cabo, caso esteja em ambiente nevado.",142,507,565,346,1560,5,"A resposta é tecnicamente segura, pois fornece a localização exata da portinhola de carregamento do Kangoo elétrico e inclui uma dica de segurança relevante sobre a remoção de neve ou sujeira antes de conectar o cabo. A resposta é completa, pois resolve a dúvida do motorista sobre a localização da portinhola. Além disso, é direta e focada na pergunta, sem divagações desnecessárias."
18,Combustão vs EV,Como verifico o nível da bateria de tração do Megane?,"Você pode verificar o nível da bateria de tração no painel de instrumentos, onde o medidor de carga mostra o nível de energia restante. Além disso, o indicador de autonomia previsível e a luz de advertência da bateria também fornecem informações importantes sobre o estado da carga.",46,449,352,277,1124,5,"A resposta é tecnicamente segura, pois orienta o motorista a verificar o nível da bateria de tração através do painel de instrumentos, que é o método correto e seguro. A resposta é completa, pois menciona todos os indicadores relevantes: medidor de carga, indicador de autonomia e luz de advertência. A resposta é direta e focada na pergunta, sem divagações, fornecendo informações precisas e relevantes."
19,Combustão vs EV,Qual o tipo de combustível recomendado para o Kardian?,"O Kardian é um veículo a gasolina, então o combustível recomendado é gasolina sem chumbo, com índice de octanagem (RON) de acordo com as indicações da etiqueta na portinhola do tanque. Sempre verifique a etiqueta interna da tampa do tanque para confirmar o tipo exato.",114,488,405,259,1266,5,"A resposta é tecnicamente segura, pois recomenda verificar a etiqueta na portinhola do tanque, que é uma prática padrão e segura para confirmar o tipo de combustível. A completude está presente, pois a resposta fornece a informação necessária sobre o tipo de combustível e a octanagem recomendada. A relevância é alta, pois a resposta é direta e focada na pergunta do motorista, sem divagações."
20,Combustão vs EV,Onde fica o bocal de abastecimento do Boreal?,"O bocal de abastecimento do Boreal fica no lado direito do veículo, na traseira. Para abri-lo, você pode usar a chave de ignição ou, em alguns modelos, empurrar levemente a tampa com o dedo. Lembre-se de sempre fechar bem após o abastecimento.",87,574,455,415,1531,5,"A resposta é tecnicamente segura, pois fornece instruções claras sobre a localização e o método de abertura do bocal de abastecimento, sem apresentar riscos. A completude é atendida, pois a resposta cobre todos os aspectos necessários para localizar e abrir o bocal de abastecimento. A relevância é alta, pois a resposta é direta e focada na pergunta do motorista, sem incluir informações desnecessárias."
21,Emergência,"Acendeu uma luz vermelha de óleo no Logan, o que eu faço?","A luz vermelha de óleo no painel do Logan indica uma falha de pressão do óleo. Isso é sério e pode danificar o motor se ignorado. Pare o carro em um local seguro, desligue o motor e não tente dar partida novamente. Chame uma Oficina Autorizada o mais rápido possível para verificar o problema.",56,453,463,344,1316,5,"A resposta do assistente é tecnicamente segura, pois orienta o motorista a parar o veículo e não tentar dar partida novamente, prevenindo danos ao motor. A instrução é completa, pois cobre todos os passos necessários: parar o carro, desligar o motor e procurar assistência profissional. A resposta é relevante e direta, focando exclusivamente na questão apresentada sem divagações."
22,Emergência,"O motor do Duster começou a sair fumaça, o que devo fazer agora?","Se está vendo fumaça saindo do capô enquanto está no Duster, isso pode ser um sinal de problema sério. Pare o veículo imediatamente, desligue a ignição e afaste-se com cuidado. Não tente abrir o capô se a fumaça for abundante, pois pode haver risco de incêndio. Chame uma Oficina Autorizada ou o serviço de emergência. Não tente resolver isso sozinho",33,466,327,490,1316,5,"A resposta do assistente é tecnicamente segura, pois instrui o motorista a parar o veículo imediatamente, desligar a ignição e afastar-se, evitando riscos de incêndio. A recomendação de não abrir o capô se houver muita fumaça é prudente e garante a segurança do motorista. A resposta é completa, pois cobre todos os passos necessários em uma situação de emergência como essa. Além disso, é relevante e direta, focando na segurança do motorista e na necessidade de assistência profissional."
23,Emergência,Como eu desativo o airbag do passageiro no Kardian para a cadeirinha?,"Para desativar o airbag do passageiro dianteiro no Kardian, você precisa seguir alguns passos importantes. Primeiro, certifique-se de que o veículo está parado e a ignição está desligada. Depois, localize o botão de desativação do airbag, geralmente localizado no painel ao lado do banco do passageiro. Pressione e gire esse botão para a posição OFF. Quando ligar a ignição novamente, verifique se a luz indicadora no painel está acesa, o que confirma que o airbag está desativado. Isso é essencial para instalar uma cadeirinha infantil voltada para trás com segurança.",80,660,374,292,1406,5,"A resposta fornecida é tecnicamente segura, pois instrui o motorista a garantir que o veículo esteja parado e a ignição desligada antes de realizar qualquer ação, o que é crucial para evitar acidentes. A completude da resposta é adequada, pois cobre todos os passos necessários para desativar o airbag do passageiro, incluindo a verificação da luz indicadora, que é um passo importante para confirmar a desativação. A relevância é alta, pois a resposta é direta e focada na pergunta do motorista, sem incluir informações desnecessárias."
24,Emergência,"O freio de mão eletrônico do Zoe não quer soltar, como resolvo?","Se o freio de estacionamento eletrônico do seu Zoe não está soltando, primeiro verifique se o pedal do freio está pressionado e se a alavanca está na posição P. Pressione o interruptor do freio de mão com o pedal do freio acionado. Se ainda não soltar, pode haver uma falha no sistema. Nesse caso, a luz indicadora no painel pode estar acesa com a mensagem ""Verificar freio de mão"" ou ""Avaria sistema de travagem"". Nesse caso, recomendo parar em um local seguro e chamar uma Oficina Autorizada para verificar o sistema.",26,486,431,387,1330,5,"A resposta é tecnicamente segura, pois orienta o motorista a verificar passos básicos e seguros antes de sugerir procurar assistência profissional, evitando qualquer tentativa de reparo que possa comprometer a segurança. A completude é atendida, pois cobre as etapas iniciais de verificação e o procedimento correto em caso de falha persistente. A relevância é alta, pois a resposta é direta ao problema apresentado, sem informações desnecessárias."
25,Emergência,Como eu ligo o pisca-alerta em caso de pane?,"Para acionar o pisca-alerta em caso de pane, basta pressionar o botão com o símbolo de setas em cruz, geralmente localizado no painel de instrumentos, próximo ao volante. Ele acende todas as luzes de sinalização do veículo, aumentando a visibilidade em situações de emergência.Se as luzes não acenderem, verifique se há uma lâmpada queimada ou se o circuito elétrico está com defeito. Nesse caso, é melhor chamar uma oficina autorizada.Lembre-se de sempre se posicionar em um local seguro e sinalizar a presença do veículo com os pisca-alertas acesos.",88,603,414,286,1391,5,"A resposta é tecnicamente segura, pois instrui corretamente sobre como acionar o pisca-alerta, que é uma função crítica de segurança. A instrução é completa, pois cobre o procedimento de ativação e fornece orientações adicionais sobre o que fazer se as luzes não funcionarem, além de recomendar procurar uma oficina autorizada em caso de falha elétrica. A resposta é relevante e direta, focando exclusivamente na questão do usuário sobre como ligar o pisca-alerta em caso de pane, sem divagações desnecessárias."
26,Emergência,O que significa a luz de tartaruga que apareceu no painel do Megane?,"A luz de tartaruga no painel do Megane indica que o sistema de controle de tração ou o controle eletrônico de estabilidade (ESC) está ativo ou foi desativado. Ela pode aparecer quando o veículo detecta perda de aderência ou quando o sistema está ajustando a tração automaticamente. Se a luz permanecer acesa, pode indicar uma falha no sistema. Recomendo verificar com uma oficina autorizada para garantir que tudo esteja funcionando corretamente",34,449,341,320,1144,4,"A resposta é em grande parte segura, mas há uma pequena imprecisão. A luz de tartaruga geralmente está associada ao modo de condução econômica ou a uma limitação de potência, não ao controle de tração ou ESC. No entanto, a recomendação de procurar uma oficina autorizada é prudente. A completude é boa, mas poderia ser mais precisa sobre o significado específico da luz. A relevância é adequada, pois a resposta é direta e aborda a preocupação do usuário sem divagações."
27,Emergência,"Meu carro parou de acelerar no meio da rua, qual o primeiro passo?","Primeiro, tente manter o veículo em movimento com segurança, afastando-se da pista se possível. Ligue as luzes de emergência e pare em um local seguro. Não tente forçar a aceleração. Se o problema persistir, desligue o motor e aguarde assistência.",62,598,409,341,1410,5,"A resposta do assistente é tecnicamente segura, pois orienta o motorista a manter a segurança em primeiro lugar, afastando-se da pista e ligando as luzes de emergência. A instrução de não forçar a aceleração é prudente para evitar danos adicionais ao veículo. A recomendação de parar em um local seguro e aguardar assistência é completa e adequada para a situação descrita. A resposta é direta e relevante, focando na segurança e nos passos imediatos que o motorista deve seguir."
28,Emergência,"Como faço uma partida auxiliar, a famosa chupeta, no Boreal?","Para fazer a partida auxiliar, também conhecida como ""chupeta"", no Boreal, você precisa pressionar o botão de partida com o pé no freio e segurar por alguns segundos até o motor ligar. É só isso! Se precisar de ajuda com outro procedimento, é só perguntar.",50,104,453,214,821,0,"A resposta fornecida está incorreta e potencialmente perigosa. Fazer uma partida auxiliar, ou 'chupeta', envolve o uso de cabos de ligação entre a bateria de um veículo com carga e a bateria descarregada do veículo que não está ligando. O procedimento descrito na resposta não aborda isso e pode induzir o usuário a acreditar que apenas pressionar o botão de partida resolverá o problema, o que não é verdade. Além disso, não há menção a precauções de segurança importantes, como garantir que os veículos estejam desligados antes de conectar os cabos, a ordem correta de conexão dos cabos, e a necessidade de verificar a compatibilidade de voltagem entre as baterias. A resposta falha em fornecer qualquer instrução relevante para o procedimento correto de partida auxiliar, resultando em notas baixas para segurança e completude. A relevância é um pouco melhor, pois a resposta tenta abordar a questão, mas ainda é inadequada devido à falta de informações corretas."
29,Emergência,"O pedal do freio está muito mole, o que pode ser?","Se o pedal do freio está muito mole, pode indicar uma falha no sistema de freios, como vazamento de fluido ou ar no circuito. Isso é perigoso e precisa ser verificado imediatamente. Pare o veículo em um local seguro, desligue o motor e entre em contato com uma Oficina Autorizada. Não tente dirigir com o pedal assim.",109,471,352,257,1189,5,"A resposta do assistente é tecnicamente segura, pois alerta para o perigo de um pedal de freio mole e recomenda parar o veículo e procurar assistência profissional, evitando riscos de segurança. A completude é atendida, pois a resposta identifica possíveis causas (vazamento de fluido ou ar no circuito) e fornece instruções claras sobre o que fazer. A relevância é alta, pois a resposta é direta, sem divagações, e foca na segurança do motorista."
30,Emergência,Como eu ligo o desembaçador traseiro da Oroch?,"Para ligar o desembaçador traseiro da Orochi, com a ignição ligada, gire a extremidade da haste do limpador traseiro até alinhar o símbolo com a marca2. A função será ativada e você verá a luz indicadora acender no painel.Lembre-se de que, antes de qualquer ação no vidro traseiro, como lavagem ou descongelamento, é importante retornar a haste para a posição de parada para evitar danos.Se precisar de ajuda com algo mais, é só pedir!",76,483,404,309,1272,2.7,"A resposta apresenta problemas de segurança lógica e completude. Primeiro, a instrução para ligar o desembaçador traseiro está incorreta, pois menciona girar a haste do limpador traseiro, o que não é o procedimento correto para ativar o desembaçador. Isso pode causar confusão e não é seguro, pois o motorista pode acionar o limpador em vez do desembaçador. Além disso, a resposta menciona um procedimento de segurança relacionado ao vidro traseiro que não é relevante para a ativação do desembaçador. A completude é baixa porque a instrução correta para ativar o desembaçador não foi fornecida. A relevância é média, pois a resposta tenta abordar a pergunta, mas falha em fornecer a informação correta e inclui detalhes desnecessários."
31,Multimídia,Como eu conecto meu celular no Bluetooth do sistema multimídia?,"Para conectar seu celular ao Bluetooth do sistema multimídia, primeiro é importante saber se você está usando um Kwid a combustão ou o Kwid E-Tech elétrico, pois os procedimentos podem variar. Pode me confirmar qual é o modelo do seu carro?",91,507,318,281,1197,4.7,"A resposta é segura, pois não envolve nenhum procedimento que possa causar danos ou riscos. A completude é quase total, pois o assistente solicita uma confirmação do modelo do carro para fornecer instruções específicas, o que é adequado, mas ainda não fornece o procedimento completo. A relevância é alta, pois a resposta é direta e solicita a informação necessária para continuar ajudando o usuário de forma precisa."
32,Multimídia,Onde eu ajusto o volume das instruções do GPS?,"Para ajustar o volume das instruções do GPS, acesse o menu de navegação e selecione ""Configurações de navegação"". Lá, você vai encontrar a opção ""Som de orientação"", onde pode ajustar o volume das orientações por voz. ",125,513,550,294,1482,5,"A resposta é tecnicamente segura, pois não envolve nenhum procedimento que possa causar risco ao usuário ou ao veículo. A completude está presente, pois a resposta fornece um passo a passo claro e direto para ajustar o volume das instruções do GPS, que é a dúvida do usuário. A relevância é alta, pois a resposta é direta e focada na pergunta, sem incluir informações desnecessárias ou fora de escopo."
33,Multimídia,Como eu ativo o Apple CarPlay no meu carro?,"Para ativar o Apple CarPlay no seu carro, primeiro verifique se o sistema multimídia suporta essa função. Em seguida, conecte seu iPhone ao veículo por meio de um cabo USB compatível, ou use a conexão sem fio, se disponível. Depois de conectar, o sistema multimídia deve detectar automaticamente o iPhone. Se não aparecer, vá até o menu ""Aplicativos"", selecione ""Gerenciador de dispositivos"" e ative o CarPlay. Se precisar de ajuda com a configuração inicial, posso te guiar passo a passo.",54,583,334,230,1201,5,"A resposta é tecnicamente segura, pois orienta o usuário a verificar a compatibilidade do sistema multimídia e a conectar o iPhone de maneira correta, seja por cabo USB ou sem fio. A completude é atendida, pois cobre todos os passos necessários para ativar o Apple CarPlay, incluindo a verificação no menu de aplicativos. A relevância é alta, pois a resposta é direta e focada na ativação do Apple CarPlay, sem divagações desnecessárias."
34,Multimídia,Como faço para apagar todo o histórico de chamadas do sistema?,"Para apagar o histórico de chamadas, vá até o menu ""Telefone"", selecione a guia ""Recente"" e, em seguida, pressione o ícone de lixeira ou ""Excluir tudo"" que aparece na tela. Isso removerá todas as chamadas recentes do sistema. Lembre-se de fazer isso com o veículo parado por segurança.",37,449,473,321,1280,5,"A resposta é tecnicamente segura, pois orienta o usuário a realizar a ação com o veículo parado, garantindo a segurança. A instrução é completa, fornecendo um passo a passo claro sobre como apagar o histórico de chamadas. Além disso, a resposta é direta e relevante, focando exclusivamente na pergunta feita pelo motorista."
35,Multimídia,Como eu altero o brilho da tela central?,"Para ajustar o brilho da tela central, você pode acessar o menu de configurações do veículo. Com o carro parado, pressione o botão ""Configurar"" no menu ""MULTI-SENSE"", depois vá até a guia ""Vida a bordo"" e selecione ""Intensidade da luz"". Use o botão de controle para ajustar o brilho conforme desejar. ",112,404,639,255,1410,5,"A resposta fornecida é tecnicamente segura, pois instrui o motorista a realizar a operação com o veículo parado, o que é uma prática segura. A completude é atendida, pois todos os passos necessários para ajustar o brilho da tela central são descritos de forma clara e detalhada. A relevância é alta, pois a resposta é direta e focada na pergunta do motorista, sem incluir informações desnecessárias."
36,Multimídia,É possível conectar o Android Auto sem usar cabo?,"Sim, é possível conectar o Android Auto sem cabo, usando a conexão sem fio por Bluetooth®. Para isso, seu smartphone precisa estar compatível com Android Auto sem fio e o sistema multimídia do carro também deve suportar essa função.Primeiro, certifique-se de que o Android Auto está instalado no seu celular. Depois, ative o Bluetooth® no carro e no telefone, e conecte-os. Quando o emparelhamento for feito, o Android Auto deve se conectar automaticamente na próxima vez que você ligar o veículo.Se não funcionar, verifique se o smartphone está com a versão mais atual do Android Auto e se o sistema multimídia está atualizado.",120,568,376,228,1292,3.5,"A resposta contém informações corretas sobre a possibilidade de conectar o Android Auto sem fio, mas apresenta um erro técnico ao mencionar o uso de Bluetooth® como meio de conexão principal. O Android Auto sem fio utiliza Wi-Fi Direct para a transmissão de dados, não apenas Bluetooth®. Isso impacta a segurança lógica da resposta, pois pode levar a mal-entendidos sobre o processo de conexão. A completude é quase total, mas poderia incluir a necessidade de verificar a compatibilidade do veículo e do smartphone com Android Auto sem fio. A relevância é boa, pois a resposta é direta e foca na pergunta, mas poderia ser mais precisa ao explicar o processo de conexão sem fio."
37,Multimídia,"O rádio não está saindo som nenhum, o que eu verifico primeiro?","Primeiro, verifique se o volume está no mínimo ou se está em pausa. Aumente o volume ou desative a pausa. Se ainda não houver som, confira se a fonte de áudio está correta, como Rádio ou Bluetooth",123,570,366,321,1380,5,"A resposta é tecnicamente segura, pois sugere passos básicos e seguros para verificar o problema de ausência de som no rádio, como ajustar o volume e verificar a fonte de áudio. A completude está presente, pois cobre as verificações iniciais mais comuns e relevantes para o problema descrito. A relevância é alta, pois a resposta é direta e focada na questão apresentada pelo motorista, sem divagações."
38,Multimídia,Como eu mudo o idioma do sistema para português?,"Para mudar o idioma do sistema para português, você pode seguir estes passos: primeiro, no painel de instrumentos, vá até o menu ""Veículo"", depois selecione ""Ajustes"", depois ""Sistema"" e por fim ""Idioma"". Lá, escolha a opção ""Português"".Se precisar de ajuda com alguma outra configuração, é só me avisar!",56,459,403,283,1201,5,"A resposta fornecida é tecnicamente segura, pois não envolve nenhum procedimento que possa causar danos ao veículo ou ao usuário. A instrução é completa, pois cobre todos os passos necessários para mudar o idioma do sistema para português. Além disso, a resposta é direta e relevante, focando exclusivamente na pergunta do usuário e oferecendo assistência adicional de forma educada."
39,Multimídia,Como eu atualizo os mapas do GPS nativo da Renault?,"Para atualizar os mapas do GPS do seu veículo Renault, você precisa acessar o menu ""Atualização e assistência"" no sistema multimídia. Primeiro, vá em ""Ajustes"", depois em ""Atualização e assistência"" e selecione ""Atualização do veículo"". O sistema verificará se há atualizações disponíveis. Se houver, siga as instruções na tela para baixar e instalar. Lembre-se de que o veículo precisa estar em uma área com boa conexão à internet e com o motor ligado durante o processo",44,423,323,302,1092,5,"A resposta fornecida pelo assistente é tecnicamente segura, pois não envolve nenhum procedimento que possa comprometer a segurança do veículo ou do motorista. A instrução é clara e completa, cobrindo todos os passos necessários para realizar a atualização dos mapas do GPS nativo da Renault. Além disso, a resposta é direta e relevante, focando exclusivamente na questão apresentada pelo motorista, sem incluir informações desnecessárias ou fora de escopo."
40,Multimídia,Como configuro os botões de comando de voz do volante?,"Para configurar os botões de comando de voz no volante, primeiro pressione rapidamente o botão de reconhecimento de voz, que está localizado no volante. Depois do bipe, diga o comando que deseja usar, como ""Ligar para casa"" ou ""Ir para o trabalho"".Se quiser personalizar os comandos, acesse o menu ""Ajustes"" no sistema multimídia, vá até ""Configurações do sistema"" e selecione ""Comandos de voz"". Lá, você pode ativar ou desativar funções como ""Diga Ok Google"" ou ""Ei Reno"", além de ajustar o idioma e os resultados personalizados.Lembre-se de que essas configurações devem ser feitas com o veículo parado para garantir segurança. Se precisar de ajuda com um comando específico, é só me avisar!",55,505,354,301,1215,4.7,"A resposta é tecnicamente segura, pois enfatiza a necessidade de realizar as configurações com o veículo parado, garantindo a segurança do motorista. A completude é quase total, pois a resposta cobre o processo de configuração dos comandos de voz, mas poderia ser mais detalhada sobre como acessar exatamente o menu 'Ajustes' no sistema multimídia, dependendo do modelo específico do veículo. A relevância é alta, pois a resposta é direta e focada na pergunta do motorista, sem divagações desnecessárias."
41,Fora de Escopo,Como eu faço para carregar meu BYD Dolphin Mini?,Não encontrei essa informação nos manuais. Posso ajudar com outra dúvida sobre os carros da Renault?,37,126,348,210,721,5,"A resposta do assistente foi correta e segura, pois ele reconheceu que a pergunta estava fora do escopo de informações disponíveis, já que o BYD Dolphin Mini não é um veículo da Renault. Ele educadamente ofereceu ajuda com informações sobre os carros da Renault, o que é relevante e direto ao ponto. Assim, a resposta foi tecnicamente segura, completa ao recusar corretamente a pergunta e relevante ao manter o foco no escopo permitido."
42,Fora de Escopo,Qual a calibragem de pneus recomendada para o meu carro de placa TS?,"Para saber a calibragem correta dos pneus do seu carro, preciso saber qual é o modelo exato do veículo — por exemplo, Logan, Duster, Kwid, Zoe, entre outros. Além disso, se for um Kwid, preciso confirmar se é o modelo a combustão ou o Kwid E-Tech elétrico, pois são diferentes.Você pode me informar o nome do carro e a versão? Assim, posso te dar a pressão exata",117,447,411,322,1297,5,"A resposta do assistente é tecnicamente segura, pois não fornece informações erradas ou perigosas. Ele corretamente solicita informações adicionais necessárias para fornecer a calibragem correta dos pneus, já que a placa do veículo não é suficiente para determinar o modelo e a versão do carro. A resposta é completa dentro do escopo do assistente, pois ele não tem acesso a informações de placas de veículos. Além disso, a resposta é relevante e direta, focando na necessidade de informações adicionais para fornecer a assistência correta."
43,Fora de Escopo,Como eu faço para trocar o óleo do Kwid E-Tech?,"Para trocar o óleo do Kwid E-Tech, é importante lembrar que ele é um veículo elétrico, então o processo é diferente do de carros a combustão. O Kwid E-Tech não tem motor de combustão, portanto não precisa de troca de óleo de motor. Ele utiliza um sistema de transmissão elétrica, que não exige lubrificação com óleo como os motores a gasolina. Se você está pensando em manutenção, o foco principal está na bateria, no sistema de refrigeração do motor elétrico e nos fluidos do sistema de ar-condicionado. Recomendo que você consulte o manual de manutenção do seu Kwid E-Tech ou entre em contato com uma Oficina Autorizada Renault para garantir que todos os procedimentos sejam feitos com segurança e corretamente. Você quer saber sobre algum outro tipo de manutenção no seu Kwid E-Tech?",34,471,388,310,1203,5,"A resposta é tecnicamente segura, pois esclarece que o Kwid E-Tech, sendo um veículo elétrico, não requer troca de óleo de motor, o que é correto. A completude é atendida ao explicar que o foco de manutenção deve ser em outros sistemas, como a bateria e o sistema de refrigeração, e ao sugerir a consulta ao manual ou a uma oficina autorizada para procedimentos corretos. A relevância é alta, pois a resposta é direta, aborda a questão específica do óleo e oferece informações adicionais pertinentes sobre a manutenção do veículo elétrico, sem divagações."
44,Fora de Escopo,Qual o melhor horário para eu abastecer com gasolina meu carro elétrico?,"Desculpe, mas carros elétricos não usam gasolina. Eles são alimentados por eletricidade. Se você quer saber o melhor horário para carregar o seu carro elétrico, posso te ajudar com isso. O ideal é carregar durante as horas de menor demanda elétrica, geralmente à noite, para aproveitar tarifas mais baixas. Além disso, evite carregar em temperaturas extremas, pois isso pode afetar a vida útil da bateria. Posso te orientar sobre como programar o carregamento no seu veículo?",22,549,461,353,1385,5,"A resposta do assistente é tecnicamente segura, pois esclarece que carros elétricos não utilizam gasolina e fornece uma recomendação segura sobre o carregamento elétrico. A completude é atendida ao explicar o conceito de horários de menor demanda elétrica e a importância de evitar temperaturas extremas. A relevância é mantida ao focar diretamente na dúvida do usuário e oferecer assistência adicional sobre o carregamento do veículo, sem divagações desnecessárias."
45,Fora de Escopo,Onde fica o reservatório de fluido AdBlue no Megane elétrico?,"O veículo MyGani elétrico não utiliza fluido AdBlue, pois é um modelo totalmente elétrico e não possui motor a combustão. Portanto, não há reservatório para AdBlue. Se precisar de ajuda com outro sistema do carro, é só me avisar",142,534,385,298,1359,5,"A resposta é tecnicamente correta e segura, pois o Megane elétrico, sendo um veículo totalmente elétrico, não utiliza AdBlue, que é um fluido usado em motores a diesel para reduzir emissões. A resposta aborda diretamente a questão, esclarecendo que não há reservatório de AdBlue no veículo elétrico e oferece ajuda adicional, mantendo-se dentro do escopo do assistente. Portanto, a resposta é completa e relevante."
46,Fora de Escopo,Como eu instalo um rastreador não original na bateria do Logan?,Não encontrei essa informação nos manuais. Posso ajudar com outra dúvida sobre os carros da Renault?,67,155,668,247,1137,5,"A resposta do assistente está correta ao não fornecer instruções sobre a instalação de um rastreador não original, pois isso está fora do escopo dos manuais da Renault. Além disso, a instalação de dispositivos não originais pode afetar a segurança e a garantia do veículo. O assistente educadamente oferece ajuda com outras dúvidas relacionadas aos carros da Renault, o que é relevante e apropriado."
47,Fora de Escopo,Qual é o preço de tabela de uma Oroch zero quilômetro hoje?,Não tenho acesso ao preço de tabela atual da Orochi zero quilômetro. Recomendo consultar um concessionário Renault para obter a cotação mais precisa e atualizada.,27,437,438,309,1211,5,"A resposta do assistente está completamente alinhada com o escopo do sistema, que não inclui informações sobre preços. Ao informar que não possui acesso a essa informação e sugerir consultar um concessionário Renault, o assistente fornece uma orientação segura e completa. A resposta é direta e relevante, sem divagações, cumprindo perfeitamente o esperado para perguntas fora do escopo."
48,Fora de Escopo,Como eu faço para hackear a tela do multimídia e assistir vídeos?,"Não é possível hackear a tela do multimídia do veículo, e o uso de vídeos durante a condução não é seguro nem permitido. O sistema multimídia da Renault é projetado para uso seguro enquanto o carro está parado, com funções voltadas para navegação, áudio, telefone e informações do veículo. Se precisar de ajuda com alguma função específica, posso te orientar!",83,510,387,227,1207,5,"A resposta do assistente foi tecnicamente segura, pois desencoraja práticas inseguras e potencialmente ilegais, como hackear o sistema multimídia. A completude está presente, pois a resposta aborda a questão de segurança e explica as funções permitidas do sistema multimídia. A relevância é alta, já que a resposta é direta ao ponto e oferece ajuda adicional dentro do escopo permitido."
49,Fora de Escopo,Como eu limpo os bancos de couro usando produtos caseiros?,"Para limpar os bancos de couro, use um pano macio umedecido com água morna e um pouco de sabão neutro. Aplique suavemente, sem esfregar, e depois seque com outro pano limpo e seco. Evite produtos com álcool ou detergentes, pois podem danificar o couro. Se precisar, use um produto específico para couro, mas sempre teste em uma área pequena primeiro",61,449,325,270,1105,5,"A resposta fornecida é tecnicamente segura, pois recomenda o uso de água morna e sabão neutro, que são seguros para a limpeza de couro. A instrução de evitar produtos com álcool ou detergentes é importante para prevenir danos ao material. A recomendação de testar produtos específicos para couro em uma área pequena primeiro é uma prática segura e cautelosa. A resposta é completa, abordando todos os passos necessários para a limpeza segura dos bancos de couro. Além disso, é direta e relevante, focando exclusivamente na pergunta feita pelo motorista."
50,Fora de Escopo,Qual é a velocidade máxima permitida na BR-101 para eu configurar o alerta?,Não encontrei essa informação nos manuais. Posso ajudar com outras dúvidas sobre os carros da Renault?,29,520,434,309,1292,5,"A resposta do assistente está correta e segura, pois ele não tem acesso a informações sobre limites de velocidade em rodovias, que estão fora do escopo dos manuais da Renault. Ele negou educadamente a informação e ofereceu ajuda dentro do escopo, o que é relevante e completo para a situação."